quarantine_id,order_id,source_batch,reason_code,raw_data,quarantined_at
1,O000226,1,inactive_product;invalid_quantity,"{""order_id"":""O000226"",""order_datetime"":""2026-03-21 10:12:00"",""customer_id"":""C0153"",""product_id"":""P017"",""quantity"":""three"",""unit_price"":1281.37,""discount_pct"":0,""payment_method"":""Bank Transfer"",""sales_channel"":""Online"",""updated_at"":""2026-03-22 23:59:00"",""source_batch"":1}",2026-08-18T08:47:26.168644+00:00
2,O000194,1,invalid_order_datetime,"{""order_id"":""O000194"",""order_datetime"":""31\/02\/2026 10:00"",""customer_id"":""C0075"",""product_id"":""P003"",""quantity"":3,""unit_price"":344.85,""discount_pct"":10,""payment_method"":""Cash"",""sales_channel"":""Online"",""updated_at"":""2026-03-20 23:59:00"",""source_batch"":1}",2026-08-18T08:47:26.168644+00:00
3,O000339,1,invalid_quantity,"{""order_id"":""O000339"",""order_datetime"":""2026-03-15 12:23:00"",""customer_id"":""C0146"",""product_id"":""P014"",""quantity"":""three"",""unit_price"":358.74,""discount_pct"":0,""payment_method"":""Credit Card"",""sales_channel"":""Online"",""updated_at"":""2026-03-16 23:59:00"",""source_batch"":1}",2026-08-18T08:47:26.168644+00:00
4,O000258,1,inactive_product,"{""order_id"":""O000258"",""order_datetime"":""2026-03-13 11:31:00"",""customer_id"":""C0058"",""product_id"":""P017"",""quantity"":1,""unit_price"":1281.37,""discount_pct"":0,""payment_method"":""Bank Transfer"",""sales_channel"":""Online"",""updated_at"":""2026-03-14 23:59:00"",""source_batch"":1}",2026-08-18T08:47:26.168644+00:00
5,O000350,1,inactive_product,"{""order_id"":""O000350"",""order_datetime"":""2026-03-12 21:39:00"",""customer_id"":""C0171"",""product_id"":""P017"",""quantity"":6,""unit_price"":1281.37,""discount_pct"":0,""payment_method"":""PromptPay"",""sales_channel"":""Store"",""updated_at"":""2026-03-13 23:59:00"",""source_batch"":1}",2026-08-18T08:47:26.168644+00:00
6,O000054,1,inactive_product,"{""order_id"":""O000054"",""order_datetime"":""2026-03-06 15:56:00"",""customer_id"":""C0115"",""product_id"":""P034"",""quantity"":2,""unit_price"":530.09,""discount_pct"":5,""payment_method"":""Cash"",""sales_channel"":""Store"",""updated_at"":""2026-03-07 23:59:00"",""source_batch"":1}",2026-08-18T08:47:26.168644+00:00
7,O000089,1,invalid_quantity,"{""order_id"":""O000089"",""order_datetime"":""2026-03-04 08:25:00"",""customer_id"":""C0030"",""product_id"":""P035"",""quantity"":-2,""unit_price"":997.99,""discount_pct"":10,""payment_method"":""Credit Card"",""sales_channel"":""Online"",""updated_at"":""2026-03-05 23:59:00"",""source_batch"":1}",2026-08-18T08:47:26.168644+00:00
8,O000107,1,product_not_found,"{""order_id"":""O000107"",""order_datetime"":""2026-03-03 15:13:00"",""customer_id"":""C0130"",""product_id"":""P999"",""quantity"":1,""unit_price"":766,""discount_pct"":15,""payment_method"":""PromptPay"",""sales_channel"":""Store"",""updated_at"":""2026-03-04 23:59:00"",""source_batch"":1}",2026-08-18T08:47:26.168644+00:00
9,O000412,1,inactive_product,"{""order_id"":""O000412"",""order_datetime"":""2026-03-03 09:07:00"",""customer_id"":""C0058"",""product_id"":""P017"",""quantity"":6,""unit_price"":1281.37,""discount_pct"":15,""payment_method"":""Cash"",""sales_channel"":""Online"",""updated_at"":""2026-03-04 23:59:00"",""source_batch"":1}",2026-08-18T08:47:26.168644+00:00
10,O000303,1,invalid_discount_pct,"{""order_id"":""O000303"",""order_datetime"":""2026-03-02 22:11:00"",""customer_id"":""C0137"",""product_id"":""P007"",""quantity"":4,""unit_price"":619.54,""discount_pct"":120,""payment_method"":""PromptPay"",""sales_channel"":""Online"",""updated_at"":""2026-03-03 23:59:00"",""source_batch"":1}",2026-08-18T08:47:26.168644+00:00
11,O000097,1,invalid_order_datetime,"{""order_id"":""O000097"",""order_datetime"":""31\/02\/2026 10:00"",""customer_id"":""C0110"",""product_id"":""P040"",""quantity"":5,""unit_price"":1472.44,""discount_pct"":0,""payment_method"":""Bank Transfer"",""sales_channel"":""Online"",""updated_at"":""2026-03-03 23:59:00"",""source_batch"":1}",2026-08-18T08:47:26.168644+00:00
12,O000101,1,invalid_discount_pct,"{""order_id"":""O000101"",""order_datetime"":""2026-02-28 22:40:00"",""customer_id"":""C0151"",""product_id"":""P029"",""quantity"":3,""unit_price"":450.41,""discount_pct"":120,""payment_method"":""Credit Card"",""sales_channel"":""Store"",""updated_at"":""2026-03-01 23:59:00"",""source_batch"":1}",2026-08-18T08:47:26.168644+00:00
13,O000058,1,inactive_product,"{""order_id"":""O000058"",""order_datetime"":""2026-02-27 23:57:00"",""customer_id"":""C0069"",""product_id"":""P034"",""quantity"":5,""unit_price"":530.09,""discount_pct"":0,""payment_method"":""Bank Transfer"",""sales_channel"":""Store"",""updated_at"":""2026-02-28 23:59:00"",""source_batch"":1}",2026-08-18T08:47:26.168644+00:00
14,O000376,1,inactive_product,"{""order_id"":""O000376"",""order_datetime"":""2026-02-27 12:55:00"",""customer_id"":""C0081"",""product_id"":""P034"",""quantity"":3,""unit_price"":530.09,""discount_pct"":0,""payment_method"":""Credit Card"",""sales_channel"":""Store"",""updated_at"":""2026-02-28 23:59:00"",""source_batch"":1}",2026-08-18T08:47:26.168644+00:00
15,O000342,1,inactive_product,"{""order_id"":""O000342"",""order_datetime"":""2026-02-24 10:13:00"",""customer_id"":""C0156"",""product_id"":""P034"",""quantity"":1,""unit_price"":530.09,""discount_pct"":15,""payment_method"":""Cash"",""sales_channel"":""Store"",""updated_at"":""2026-02-25 23:59:00"",""source_batch"":1}",2026-08-18T08:47:26.168644+00:00
16,O000393,1,invalid_order_datetime,"{""order_id"":""O000393"",""order_datetime"":""not-a-date"",""customer_id"":""C0148"",""product_id"":""P037"",""quantity"":5,""unit_price"":185.91,""discount_pct"":10,""payment_method"":""Bank Transfer"",""sales_channel"":""Online"",""updated_at"":""2026-02-25 23:59:00"",""source_batch"":1}",2026-08-18T08:47:26.168644+00:00
17,O000332,1,inactive_product;missing_customer_id,"{""order_id"":""O000332"",""order_datetime"":""2026-02-18 19:38:00"",""customer_id"":null,""product_id"":""P017"",""quantity"":4,""unit_price"":1281.37,""discount_pct"":0,""payment_method"":""Bank Transfer"",""sales_channel"":""Marketplace"",""updated_at"":""2026-02-19 23:59:00"",""source_batch"":1}",2026-08-18T08:47:26.168644+00:00
18,O000178,1,invalid_quantity,"{""order_id"":""O000178"",""order_datetime"":""2026-02-16 01:47:00"",""customer_id"":""C0061"",""product_id"":""P026"",""quantity"":-2,""unit_price"":1185.43,""discount_pct"":0,""payment_method"":""PromptPay"",""sales_channel"":""Marketplace"",""updated_at"":""2026-02-17 23:59:00"",""source_batch"":1}",2026-08-18T08:47:26.168644+00:00
19,O000131,1,invalid_order_datetime,"{""order_id"":""O000131"",""order_datetime"":""not-a-date"",""customer_id"":""C0152"",""product_id"":""P037"",""quantity"":1,""unit_price"":185.91,""discount_pct"":5,""payment_method"":""Bank Transfer"",""sales_channel"":""Marketplace"",""updated_at"":""2026-02-17 23:59:00"",""source_batch"":1}",2026-08-18T08:47:26.168644+00:00
20,O000075,1,inactive_product,"{""order_id"":""O000075"",""order_datetime"":""2026-02-12 07:26:00"",""customer_id"":""C0016"",""product_id"":""P034"",""quantity"":2,""unit_price"":530.09,""discount_pct"":5,""payment_method"":""Cash"",""sales_channel"":""Marketplace"",""updated_at"":""2026-02-13 23:59:00"",""source_batch"":1}",2026-08-18T08:47:26.168644+00:00
21,O000371,1,inactive_product,"{""order_id"":""O000371"",""order_datetime"":""2026-02-09 02:38:00"",""customer_id"":""C0098"",""product_id"":""P034"",""quantity"":4,""unit_price"":530.09,""discount_pct"":10,""payment_method"":""Cash"",""sales_channel"":""Marketplace"",""updated_at"":""2026-02-10 23:59:00"",""source_batch"":1}",2026-08-18T08:47:26.168644+00:00
22,O000417,1,invalid_unit_price,"{""order_id"":""O000417"",""order_datetime"":""2026-02-09 22:58:00"",""customer_id"":""C0021"",""product_id"":""P011"",""quantity"":3,""unit_price"":null,""discount_pct"":0,""payment_method"":""Bank Transfer"",""sales_channel"":""Marketplace"",""updated_at"":""2026-02-10 23:59:00"",""source_batch"":1}",2026-08-18T08:47:26.168644+00:00
23,O000249,1,missing_customer_id,"{""order_id"":""O000249"",""order_datetime"":""2026-02-07 21:50:00"",""customer_id"":null,""product_id"":""P025"",""quantity"":5,""unit_price"":833.67,""discount_pct"":15,""payment_method"":""Credit Card"",""sales_channel"":""Online"",""updated_at"":""2026-02-08 23:59:00"",""source_batch"":1}",2026-08-18T08:47:26.168644+00:00
24,O000083,1,missing_customer_id,"{""order_id"":""O000083"",""order_datetime"":""2026-02-05 11:37:00"",""customer_id"":null,""product_id"":""P039"",""quantity"":4,""unit_price"":688.83,""discount_pct"":5,""payment_method"":""Cash"",""sales_channel"":""Online"",""updated_at"":""2026-02-06 23:59:00"",""source_batch"":1}",2026-08-18T08:47:26.168644+00:00
25,O000139,1,invalid_unit_price,"{""order_id"":""O000139"",""order_datetime"":""2026-02-03 21:12:00"",""customer_id"":""C0072"",""product_id"":""P039"",""quantity"":4,""unit_price"":null,""discount_pct"":5,""payment_method"":""Cash"",""sales_channel"":""Online"",""updated_at"":""2026-02-04 23:59:00"",""source_batch"":1}",2026-08-18T08:47:26.168644+00:00
26,O000262,1,invalid_order_datetime,"{""order_id"":""O000262"",""order_datetime"":""not-a-date"",""customer_id"":""C0097"",""product_id"":""P044"",""quantity"":5,""unit_price"":766,""discount_pct"":0,""payment_method"":""Credit Card"",""sales_channel"":""Store"",""updated_at"":""2026-02-03 23:59:00"",""source_batch"":1}",2026-08-18T08:47:26.168644+00:00
27,O000027,1,inactive_product,"{""order_id"":""O000027"",""order_datetime"":""2026-02-02 18:54:00"",""customer_id"":""C0158"",""product_id"":""P017"",""quantity"":4,""unit_price"":1281.37,""discount_pct"":10,""payment_method"":""Cash"",""sales_channel"":""Online"",""updated_at"":""2026-02-03 23:59:00"",""source_batch"":1}",2026-08-18T08:47:26.168644+00:00
28,O000278,1,invalid_unit_price,"{""order_id"":""O000278"",""order_datetime"":""2026-02-01 02:14:00"",""customer_id"":""C0022"",""product_id"":""P035"",""quantity"":4,""unit_price"":null,""discount_pct"":0,""payment_method"":""PromptPay"",""sales_channel"":""Marketplace"",""updated_at"":""2026-02-02 23:59:00"",""source_batch"":1}",2026-08-18T08:47:26.168644+00:00
29,O000404,1,invalid_discount_pct,"{""order_id"":""O000404"",""order_datetime"":""2026-01-30 04:14:00"",""customer_id"":""C0163"",""product_id"":""P016"",""quantity"":5,""unit_price"":878.59,""discount_pct"":120,""payment_method"":""Credit Card"",""sales_channel"":""Store"",""updated_at"":""2026-01-31 23:59:00"",""source_batch"":1}",2026-08-18T08:47:26.168644+00:00
30,O000111,1,inactive_product,"{""order_id"":""O000111"",""order_datetime"":""2026-01-26 19:08:00"",""customer_id"":""C0064"",""product_id"":""P034"",""quantity"":2,""unit_price"":530.09,""discount_pct"":0,""payment_method"":""Credit Card"",""sales_channel"":""Online"",""updated_at"":""2026-01-27 23:59:00"",""source_batch"":1}",2026-08-18T08:47:26.168644+00:00
31,O000388,1,invalid_order_datetime,"{""order_id"":""O000388"",""order_datetime"":""31\/02\/2026 10:00"",""customer_id"":""C0086"",""product_id"":""P027"",""quantity"":1,""unit_price"":817.79,""discount_pct"":15,""payment_method"":""Bank Transfer"",""sales_channel"":""Marketplace"",""updated_at"":""2026-01-25 23:59:00"",""source_batch"":1}",2026-08-18T08:47:26.168644+00:00
32,O000356,1,invalid_quantity,"{""order_id"":""O000356"",""order_datetime"":""2026-01-19 11:29:00"",""customer_id"":""C0146"",""product_id"":""P042"",""quantity"":-2,""unit_price"":733.19,""discount_pct"":0,""payment_method"":""Bank Transfer"",""sales_channel"":""Store"",""updated_at"":""2026-01-20 23:59:00"",""source_batch"":1}",2026-08-18T08:47:26.168644+00:00
33,O000166,1,missing_customer_id,"{""order_id"":""O000166"",""order_datetime"":""2026-01-18 04:01:00"",""customer_id"":null,""product_id"":""P027"",""quantity"":4,""unit_price"":817.79,""discount_pct"":10,""payment_method"":""PromptPay"",""sales_channel"":""Online"",""updated_at"":""2026-01-19 23:59:00"",""source_batch"":1}",2026-08-18T08:47:26.168644+00:00
34,O000202,1,invalid_discount_pct,"{""order_id"":""O000202"",""order_datetime"":""2026-01-15 10:38:00"",""customer_id"":""C0161"",""product_id"":""P031"",""quantity"":3,""unit_price"":599.9,""discount_pct"":120,""payment_method"":""Credit Card"",""sales_channel"":""Online"",""updated_at"":""2026-01-16 23:59:00"",""source_batch"":1}",2026-08-18T08:47:26.168644+00:00
35,O000298,1,customer_not_found,"{""order_id"":""O000298"",""order_datetime"":""2026-01-14 00:46:00"",""customer_id"":""C9999"",""product_id"":""P037"",""quantity"":2,""unit_price"":185.91,""discount_pct"":10,""payment_method"":""Bank Transfer"",""sales_channel"":""Store"",""updated_at"":""2026-01-15 23:59:00"",""source_batch"":1}",2026-08-18T08:47:26.168644+00:00
36,O000321,1,product_not_found,"{""order_id"":""O000321"",""order_datetime"":""2026-01-12 07:42:00"",""customer_id"":""C0073"",""product_id"":""P999"",""quantity"":5,""unit_price"":624.66,""discount_pct"":10,""payment_method"":""Bank Transfer"",""sales_channel"":""Online"",""updated_at"":""2026-01-13 23:59:00"",""source_batch"":1}",2026-08-18T08:47:26.168644+00:00
37,O000415,1,missing_customer_id,"{""order_id"":""O000415"",""order_datetime"":""2026-01-12 21:48:00"",""customer_id"":null,""product_id"":""P030"",""quantity"":1,""unit_price"":915.53,""discount_pct"":10,""payment_method"":""Credit Card"",""sales_channel"":""Marketplace"",""updated_at"":""2026-01-13 23:59:00"",""source_batch"":1}",2026-08-18T08:47:26.168644+00:00
38,O000149,1,customer_not_found,"{""order_id"":""O000149"",""order_datetime"":""2026-01-08 12:33:00"",""customer_id"":""C9999"",""product_id"":""P039"",""quantity"":4,""unit_price"":688.83,""discount_pct"":10,""payment_method"":""PromptPay"",""sales_channel"":""Marketplace"",""updated_at"":""2026-01-09 23:59:00"",""source_batch"":1}",2026-08-18T08:47:26.168644+00:00
39,O000284,1,inactive_product,"{""order_id"":""O000284"",""order_datetime"":""2026-01-05 17:05:00"",""customer_id"":""C0110"",""product_id"":""P017"",""quantity"":3,""unit_price"":1281.37,""discount_pct"":10,""payment_method"":""Cash"",""sales_channel"":""Online"",""updated_at"":""2026-01-06 23:59:00"",""source_batch"":1}",2026-08-18T08:47:26.168644+00:00
40,O000291,1,invalid_order_datetime,"{""order_id"":""O000291"",""order_datetime"":""31\/02\/2026 10:00"",""customer_id"":""C0165"",""product_id"":""P041"",""quantity"":2,""unit_price"":1291.92,""discount_pct"":0,""payment_method"":""Cash"",""sales_channel"":""Online"",""updated_at"":""2026-01-06 23:59:00"",""source_batch"":1}",2026-08-18T08:47:26.168644+00:00
41,O000214,1,product_not_found,"{""order_id"":""O000214"",""order_datetime"":""2026-01-04 07:12:00"",""customer_id"":""C0043"",""product_id"":""P999"",""quantity"":6,""unit_price"":1451.77,""discount_pct"":0,""payment_method"":""PromptPay"",""sales_channel"":""Store"",""updated_at"":""2026-01-05 23:59:00"",""source_batch"":1}",2026-08-18T08:47:26.168644+00:00
42,O000113,1,invalid_quantity,"{""order_id"":""O000113"",""order_datetime"":""2026-01-03 03:35:00"",""customer_id"":""C0039"",""product_id"":""P011"",""quantity"":""three"",""unit_price"":616.6,""discount_pct"":0,""payment_method"":""PromptPay"",""sales_channel"":""Marketplace"",""updated_at"":""2026-01-04 23:59:00"",""source_batch"":1}",2026-08-18T08:47:26.168644+00:00
43,O000267,1,invalid_quantity,"{""order_id"":""O000267"",""order_datetime"":""2026-01-02 16:42:00"",""customer_id"":""C0095"",""product_id"":""P042"",""quantity"":-2,""unit_price"":733.19,""discount_pct"":0,""payment_method"":""PromptPay"",""sales_channel"":""Marketplace"",""updated_at"":""2026-01-03 23:59:00"",""source_batch"":1}",2026-08-18T08:47:26.168644+00:00
44,O000318,1,inactive_product,"{""order_id"":""O000318"",""order_datetime"":""2026-01-02 00:14:00"",""customer_id"":""C0134"",""product_id"":""P017"",""quantity"":5,""unit_price"":1281.37,""discount_pct"":0,""payment_method"":""Credit Card"",""sales_channel"":""Store"",""updated_at"":""2026-01-03 23:59:00"",""source_batch"":1}",2026-08-18T08:47:26.168644+00:00
89,O000485,2,invalid_order_datetime,"{""order_id"":""O000485"",""order_datetime"":""31\/02\/2026 10:00"",""customer_id"":""C0077"",""product_id"":""P010"",""quantity"":4,""unit_price"":1366.97,""discount_pct"":5,""payment_method"":""Bank Transfer"",""sales_channel"":""Online"",""updated_at"":""2026-05-05 23:59:00"",""source_batch"":2}",2026-08-18T08:47:26.799532+00:00
90,O000740,2,inactive_product,"{""order_id"":""O000740"",""order_datetime"":""2026-05-01 10:35:00"",""customer_id"":""C0133"",""product_id"":""P017"",""quantity"":3,""unit_price"":1281.37,""discount_pct"":15,""payment_method"":""Bank Transfer"",""sales_channel"":""Store"",""updated_at"":""2026-05-03 23:59:00"",""source_batch"":2}",2026-08-18T08:47:26.799532+00:00
91,O000498,2,missing_customer_id,"{""order_id"":""O000498"",""order_datetime"":""2026-04-30 23:16:00"",""customer_id"":null,""product_id"":""P035"",""quantity"":3,""unit_price"":997.99,""discount_pct"":0,""payment_method"":""Credit Card"",""sales_channel"":""Marketplace"",""updated_at"":""2026-05-02 23:59:00"",""source_batch"":2}",2026-08-18T08:47:26.799532+00:00
92,O000834,2,invalid_unit_price,"{""order_id"":""O000834"",""order_datetime"":""2026-04-30 17:12:00"",""customer_id"":""C0058"",""product_id"":""P032"",""quantity"":3,""unit_price"":null,""discount_pct"":10,""payment_method"":""Cash"",""sales_channel"":""Online"",""updated_at"":""2026-05-02 23:59:00"",""source_batch"":2}",2026-08-18T08:47:26.799532+00:00
93,O000824,2,inactive_product,"{""order_id"":""O000824"",""order_datetime"":""2026-04-27 14:46:00"",""customer_id"":""C0022"",""product_id"":""P017"",""quantity"":1,""unit_price"":1281.37,""discount_pct"":15,""payment_method"":""PromptPay"",""sales_channel"":""Marketplace"",""updated_at"":""2026-04-29 23:59:00"",""source_batch"":2}",2026-08-18T08:47:26.799532+00:00
94,O000776,2,invalid_order_datetime,"{""order_id"":""O000776"",""order_datetime"":""31\/02\/2026 10:00"",""customer_id"":""C0120"",""product_id"":""P047"",""quantity"":2,""unit_price"":613.02,""discount_pct"":0,""payment_method"":""Cash"",""sales_channel"":""Online"",""updated_at"":""2026-04-29 23:59:00"",""source_batch"":2}",2026-08-18T08:47:26.799532+00:00
95,O000472,2,inactive_product,"{""order_id"":""O000472"",""order_datetime"":""2026-04-26 10:44:00"",""customer_id"":""C0067"",""product_id"":""P034"",""quantity"":6,""unit_price"":530.09,""discount_pct"":10,""payment_method"":""Bank Transfer"",""sales_channel"":""Online"",""updated_at"":""2026-04-28 23:59:00"",""source_batch"":2}",2026-08-18T08:47:26.799532+00:00
96,O000599,2,inactive_product,"{""order_id"":""O000599"",""order_datetime"":""2026-04-25 16:12:00"",""customer_id"":""C0138"",""product_id"":""P017"",""quantity"":1,""unit_price"":1281.37,""discount_pct"":0,""payment_method"":""PromptPay"",""sales_channel"":""Store"",""updated_at"":""2026-04-27 23:59:00"",""source_batch"":2}",2026-08-18T08:47:26.799532+00:00
97,O000552,2,inactive_product,"{""order_id"":""O000552"",""order_datetime"":""2026-04-24 15:03:00"",""customer_id"":""C0038"",""product_id"":""P034"",""quantity"":1,""unit_price"":530.09,""discount_pct"":10,""payment_method"":""PromptPay"",""sales_channel"":""Online"",""updated_at"":""2026-04-26 23:59:00"",""source_batch"":2}",2026-08-18T08:47:26.799532+00:00
98,O000581,2,missing_customer_id,"{""order_id"":""O000581"",""order_datetime"":""2026-04-23 12:25:00"",""customer_id"":null,""product_id"":""P010"",""quantity"":3,""unit_price"":1366.97,""discount_pct"":15,""payment_method"":""Credit Card"",""sales_channel"":""Online"",""updated_at"":""2026-04-25 23:59:00"",""source_batch"":2}",2026-08-18T08:47:26.799532+00:00
99,O000499,2,inactive_product,"{""order_id"":""O000499"",""order_datetime"":""2026-04-22 07:50:00"",""customer_id"":""C0072"",""product_id"":""P034"",""quantity"":1,""unit_price"":530.09,""discount_pct"":15,""payment_method"":""Cash"",""sales_channel"":""Marketplace"",""updated_at"":""2026-04-24 23:59:00"",""source_batch"":2}",2026-08-18T08:47:26.799532+00:00
100,O000655,2,invalid_order_datetime,"{""order_id"":""O000655"",""order_datetime"":""not-a-date"",""customer_id"":""C0147"",""product_id"":""P037"",""quantity"":3,""unit_price"":185.91,""discount_pct"":0,""payment_method"":""Bank Transfer"",""sales_channel"":""Online"",""updated_at"":""2026-04-24 23:59:00"",""source_batch"":2}",2026-08-18T08:47:26.799532+00:00
101,O000556,2,invalid_unit_price,"{""order_id"":""O000556"",""order_datetime"":""2026-04-21 06:20:00"",""customer_id"":""C0177"",""product_id"":""P001"",""quantity"":6,""unit_price"":null,""discount_pct"":0,""payment_method"":""PromptPay"",""sales_channel"":""Store"",""updated_at"":""2026-04-23 23:59:00"",""source_batch"":2}",2026-08-18T08:47:26.799532+00:00
102,O000582,2,invalid_order_datetime,"{""order_id"":""O000582"",""order_datetime"":""31\/02\/2026 10:00"",""customer_id"":""C0140"",""product_id"":""P009"",""quantity"":4,""unit_price"":192.56,""discount_pct"":0,""payment_method"":""PromptPay"",""sales_channel"":""Online"",""updated_at"":""2026-04-22 23:59:00"",""source_batch"":2}",2026-08-18T08:47:26.799532+00:00
103,O000749,2,product_not_found,"{""order_id"":""O000749"",""order_datetime"":""2026-04-18 13:19:00"",""customer_id"":""C0180"",""product_id"":""P999"",""quantity"":1,""unit_price"":204.81,""discount_pct"":0,""payment_method"":""Cash"",""sales_channel"":""Online"",""updated_at"":""2026-04-20 23:59:00"",""source_batch"":2}",2026-08-18T08:47:26.799532+00:00
104,O000535,2,product_not_found,"{""order_id"":""O000535"",""order_datetime"":""2026-04-17 04:13:00"",""customer_id"":""C0100"",""product_id"":""P999"",""quantity"":5,""unit_price"":649.9,""discount_pct"":15,""payment_method"":""Bank Transfer"",""sales_channel"":""Store"",""updated_at"":""2026-04-19 23:59:00"",""source_batch"":2}",2026-08-18T08:47:26.799532+00:00
105,O000565,2,invalid_quantity,"{""order_id"":""O000565"",""order_datetime"":""2026-04-14 04:24:00"",""customer_id"":""C0009"",""product_id"":""P033"",""quantity"":""three"",""unit_price"":654.4,""discount_pct"":5,""payment_method"":""Cash"",""sales_channel"":""Marketplace"",""updated_at"":""2026-04-16 23:59:00"",""source_batch"":2}",2026-08-18T08:47:26.799532+00:00
106,O000491,2,inactive_product,"{""order_id"":""O000491"",""order_datetime"":""2026-04-13 19:01:00"",""customer_id"":""C0050"",""product_id"":""P034"",""quantity"":4,""unit_price"":530.09,""discount_pct"":0,""payment_method"":""Bank Transfer"",""sales_channel"":""Online"",""updated_at"":""2026-04-15 23:59:00"",""source_batch"":2}",2026-08-18T08:47:26.799532+00:00
107,O000664,2,missing_customer_id,"{""order_id"":""O000664"",""order_datetime"":""2026-04-11 00:34:00"",""customer_id"":null,""product_id"":""P004"",""quantity"":3,""unit_price"":1451.77,""discount_pct"":15,""payment_method"":""Bank Transfer"",""sales_channel"":""Store"",""updated_at"":""2026-04-13 23:59:00"",""source_batch"":2}",2026-08-18T08:47:26.799532+00:00
108,O000791,2,invalid_quantity,"{""order_id"":""O000791"",""order_datetime"":""2026-04-11 13:31:00"",""customer_id"":""C0058"",""product_id"":""P040"",""quantity"":""three"",""unit_price"":1472.44,""discount_pct"":0,""payment_method"":""Credit Card"",""sales_channel"":""Store"",""updated_at"":""2026-04-13 23:59:00"",""source_batch"":2}",2026-08-18T08:47:26.799532+00:00
109,O000656,2,inactive_product,"{""order_id"":""O000656"",""order_datetime"":""2026-04-10 01:48:00"",""customer_id"":""C0174"",""product_id"":""P034"",""quantity"":1,""unit_price"":530.09,""discount_pct"":5,""payment_method"":""Bank Transfer"",""sales_channel"":""Marketplace"",""updated_at"":""2026-04-12 23:59:00"",""source_batch"":2}",2026-08-18T08:47:26.799532+00:00
110,O000542,2,inactive_product,"{""order_id"":""O000542"",""order_datetime"":""2026-04-10 14:43:00"",""customer_id"":""C0137"",""product_id"":""P034"",""quantity"":6,""unit_price"":530.09,""discount_pct"":0,""payment_method"":""Credit Card"",""sales_channel"":""Online"",""updated_at"":""2026-04-12 23:59:00"",""source_batch"":2}",2026-08-18T08:47:26.799532+00:00
111,O000830,2,missing_customer_id,"{""order_id"":""O000830"",""order_datetime"":""2026-04-08 01:48:00"",""customer_id"":null,""product_id"":""P009"",""quantity"":1,""unit_price"":192.56,""discount_pct"":0,""payment_method"":""Bank Transfer"",""sales_channel"":""Online"",""updated_at"":""2026-04-10 23:59:00"",""source_batch"":2}",2026-08-18T08:47:26.799532+00:00
112,O000786,2,invalid_order_datetime,"{""order_id"":""O000786"",""order_datetime"":""not-a-date"",""customer_id"":""C0044"",""product_id"":""P008"",""quantity"":6,""unit_price"":292.37,""discount_pct"":5,""payment_method"":""Cash"",""sales_channel"":""Marketplace"",""updated_at"":""2026-04-09 23:59:00"",""source_batch"":2}",2026-08-18T08:47:26.799532+00:00
113,O000747,2,missing_customer_id,"{""order_id"":""O000747"",""order_datetime"":""2026-04-07 20:13:00"",""customer_id"":null,""product_id"":""P014"",""quantity"":1,""unit_price"":358.74,""discount_pct"":0,""payment_method"":""Credit Card"",""sales_channel"":""Store"",""updated_at"":""2026-04-09 23:59:00"",""source_batch"":2}",2026-08-18T08:47:26.799532+00:00
114,O000695,2,inactive_product;invalid_unit_price,"{""order_id"":""O000695"",""order_datetime"":""2026-04-06 11:55:00"",""customer_id"":""C0119"",""product_id"":""P017"",""quantity"":3,""unit_price"":null,""discount_pct"":15,""payment_method"":""Cash"",""sales_channel"":""Marketplace"",""updated_at"":""2026-04-08 23:59:00"",""source_batch"":2}",2026-08-18T08:47:26.799532+00:00
115,O000801,2,invalid_quantity,"{""order_id"":""O000801"",""order_datetime"":""2026-04-05 07:59:00"",""customer_id"":""C0030"",""product_id"":""P044"",""quantity"":-2,""unit_price"":766,""discount_pct"":0,""payment_method"":""Credit Card"",""sales_channel"":""Marketplace"",""updated_at"":""2026-04-07 23:59:00"",""source_batch"":2}",2026-08-18T08:47:26.799532+00:00
116,O000452,2,invalid_quantity,"{""order_id"":""O000452"",""order_datetime"":""2026-04-05 15:06:00"",""customer_id"":""C0126"",""product_id"":""P036"",""quantity"":""three"",""unit_price"":220.86,""discount_pct"":0,""payment_method"":""Credit Card"",""sales_channel"":""Store"",""updated_at"":""2026-04-07 23:59:00"",""source_batch"":2}",2026-08-18T08:47:26.799532+00:00
117,O000428,2,product_not_found,"{""order_id"":""O000428"",""order_datetime"":""2026-04-04 13:52:00"",""customer_id"":""C0150"",""product_id"":""P999"",""quantity"":4,""unit_price"":450.41,""discount_pct"":15,""payment_method"":""PromptPay"",""sales_channel"":""Marketplace"",""updated_at"":""2026-04-06 23:59:00"",""source_batch"":2}",2026-08-18T08:47:26.799532+00:00
118,O000805,2,inactive_product,"{""order_id"":""O000805"",""order_datetime"":""2026-04-04 12:58:00"",""customer_id"":""C0171"",""product_id"":""P034"",""quantity"":6,""unit_price"":530.09,""discount_pct"":0,""payment_method"":""Credit Card"",""sales_channel"":""Store"",""updated_at"":""2026-04-06 23:59:00"",""source_batch"":2}",2026-08-18T08:47:26.799532+00:00
119,O000702,2,inactive_product,"{""order_id"":""O000702"",""order_datetime"":""2026-04-02 20:37:00"",""customer_id"":""C0147"",""product_id"":""P034"",""quantity"":2,""unit_price"":530.09,""discount_pct"":0,""payment_method"":""Cash"",""sales_channel"":""Online"",""updated_at"":""2026-04-04 23:59:00"",""source_batch"":2}",2026-08-18T08:47:26.799532+00:00
120,O000679,2,invalid_order_datetime,"{""order_id"":""O000679"",""order_datetime"":""31\/02\/2026 10:00"",""customer_id"":""C0075"",""product_id"":""P040"",""quantity"":2,""unit_price"":1472.44,""discount_pct"":0,""payment_method"":""PromptPay"",""sales_channel"":""Online"",""updated_at"":""2026-04-04 23:59:00"",""source_batch"":2}",2026-08-18T08:47:26.799532+00:00
121,O000596,2,customer_not_found,"{""order_id"":""O000596"",""order_datetime"":""2026-03-31 05:33:00"",""customer_id"":""C9999"",""product_id"":""P036"",""quantity"":5,""unit_price"":220.86,""discount_pct"":0,""payment_method"":""Cash"",""sales_channel"":""Online"",""updated_at"":""2026-04-02 23:59:00"",""source_batch"":2}",2026-08-18T08:47:26.799532+00:00
122,O000530,2,inactive_product,"{""order_id"":""O000530"",""order_datetime"":""2026-03-25 09:36:00"",""customer_id"":""C0142"",""product_id"":""P017"",""quantity"":1,""unit_price"":1281.37,""discount_pct"":0,""payment_method"":""PromptPay"",""sales_channel"":""Online"",""updated_at"":""2026-03-27 23:59:00"",""source_batch"":2}",2026-08-18T08:47:26.799532+00:00
123,O000505,2,invalid_discount_pct,"{""order_id"":""O000505"",""order_datetime"":""2026-03-25 23:29:00"",""customer_id"":""C0154"",""product_id"":""P009"",""quantity"":4,""unit_price"":192.56,""discount_pct"":120,""payment_method"":""Cash"",""sales_channel"":""Marketplace"",""updated_at"":""2026-03-27 23:59:00"",""source_batch"":2}",2026-08-18T08:47:26.799532+00:00
124,O000445,2,invalid_quantity,"{""order_id"":""O000445"",""order_datetime"":""2026-03-24 01:46:00"",""customer_id"":""C0015"",""product_id"":""P039"",""quantity"":-2,""unit_price"":688.83,""discount_pct"":0,""payment_method"":""PromptPay"",""sales_channel"":""Store"",""updated_at"":""2026-03-26 23:59:00"",""source_batch"":2}",2026-08-18T08:47:26.799532+00:00
125,O000534,2,invalid_quantity,"{""order_id"":""O000534"",""order_datetime"":""2026-03-22 19:50:00"",""customer_id"":""C0044"",""product_id"":""P004"",""quantity"":-2,""unit_price"":1451.77,""discount_pct"":0,""payment_method"":""Bank Transfer"",""sales_channel"":""Online"",""updated_at"":""2026-03-24 23:59:00"",""source_batch"":2}",2026-08-18T08:47:26.799532+00:00
126,O000606,2,invalid_discount_pct,"{""order_id"":""O000606"",""order_datetime"":""2026-03-22 11:21:00"",""customer_id"":""C0125"",""product_id"":""P042"",""quantity"":6,""unit_price"":733.19,""discount_pct"":120,""payment_method"":""Credit Card"",""sales_channel"":""Store"",""updated_at"":""2026-03-24 23:59:00"",""source_batch"":2}",2026-08-18T08:47:26.799532+00:00
127,O000584,2,inactive_product,"{""order_id"":""O000584"",""order_datetime"":""2026-03-18 15:07:00"",""customer_id"":""C0114"",""product_id"":""P034"",""quantity"":3,""unit_price"":530.09,""discount_pct"":15,""payment_method"":""PromptPay"",""sales_channel"":""Online"",""updated_at"":""2026-03-20 23:59:00"",""source_batch"":2}",2026-08-18T08:47:26.799532+00:00
128,O000523,2,inactive_product,"{""order_id"":""O000523"",""order_datetime"":""2026-03-17 08:59:00"",""customer_id"":""C0080"",""product_id"":""P034"",""quantity"":2,""unit_price"":530.09,""discount_pct"":15,""payment_method"":""PromptPay"",""sales_channel"":""Store"",""updated_at"":""2026-03-19 23:59:00"",""source_batch"":2}",2026-08-18T08:47:26.799532+00:00
129,O000736,2,inactive_product,"{""order_id"":""O000736"",""order_datetime"":""2026-03-16 08:50:00"",""customer_id"":""C0022"",""product_id"":""P034"",""quantity"":3,""unit_price"":530.09,""discount_pct"":0,""payment_method"":""Credit Card"",""sales_channel"":""Online"",""updated_at"":""2026-03-18 23:59:00"",""source_batch"":2}",2026-08-18T08:47:26.799532+00:00
130,O000501,2,inactive_product,"{""order_id"":""O000501"",""order_datetime"":""2026-03-08 15:47:00"",""customer_id"":""C0165"",""product_id"":""P017"",""quantity"":3,""unit_price"":1281.37,""discount_pct"":15,""payment_method"":""Credit Card"",""sales_channel"":""Marketplace"",""updated_at"":""2026-03-10 23:59:00"",""source_batch"":2}",2026-08-18T08:47:26.799532+00:00
131,O000769,2,inactive_product,"{""order_id"":""O000769"",""order_datetime"":""2026-03-08 13:16:00"",""customer_id"":""C0079"",""product_id"":""P017"",""quantity"":5,""unit_price"":1281.37,""discount_pct"":15,""payment_method"":""PromptPay"",""sales_channel"":""Marketplace"",""updated_at"":""2026-03-10 23:59:00"",""source_batch"":2}",2026-08-18T08:47:26.799532+00:00
132,O000524,2,invalid_order_datetime,"{""order_id"":""O000524"",""order_datetime"":""not-a-date"",""customer_id"":""C0075"",""product_id"":""P009"",""quantity"":3,""unit_price"":192.56,""discount_pct"":0,""payment_method"":""Bank Transfer"",""sales_channel"":""Marketplace"",""updated_at"":""2026-03-08 23:59:00"",""source_batch"":2}",2026-08-18T08:47:26.799532+00:00
133,O000707,2,invalid_discount_pct,"{""order_id"":""O000707"",""order_datetime"":""2026-03-02 09:06:00"",""customer_id"":""C0079"",""product_id"":""P044"",""quantity"":2,""unit_price"":766,""discount_pct"":120,""payment_method"":""Bank Transfer"",""sales_channel"":""Store"",""updated_at"":""2026-03-04 23:59:00"",""source_batch"":2}",2026-08-18T08:47:26.799532+00:00
134,O000745,2,customer_not_found,"{""order_id"":""O000745"",""order_datetime"":""2026-02-22 01:04:00"",""customer_id"":""C9999"",""product_id"":""P021"",""quantity"":1,""unit_price"":1114.51,""discount_pct"":0,""payment_method"":""PromptPay"",""sales_channel"":""Marketplace"",""updated_at"":""2026-02-24 23:59:00"",""source_batch"":2}",2026-08-18T08:47:26.799532+00:00
135,O000808,2,invalid_discount_pct,"{""order_id"":""O000808"",""order_datetime"":""2026-02-20 13:39:00"",""customer_id"":""C0168"",""product_id"":""P008"",""quantity"":5,""unit_price"":292.37,""discount_pct"":120,""payment_method"":""Cash"",""sales_channel"":""Store"",""updated_at"":""2026-02-22 23:59:00"",""source_batch"":2}",2026-08-18T08:47:26.799532+00:00
136,O000642,2,product_not_found,"{""order_id"":""O000642"",""order_datetime"":""2026-02-17 10:10:00"",""customer_id"":""C0018"",""product_id"":""P999"",""quantity"":5,""unit_price"":979.4,""discount_pct"":5,""payment_method"":""Credit Card"",""sales_channel"":""Online"",""updated_at"":""2026-02-19 23:59:00"",""source_batch"":2}",2026-08-18T08:47:26.799532+00:00
137,O000545,2,inactive_product,"{""order_id"":""O000545"",""order_datetime"":""2026-02-17 20:39:00"",""customer_id"":""C0132"",""product_id"":""P017"",""quantity"":2,""unit_price"":1281.37,""discount_pct"":10,""payment_method"":""credit card"",""sales_channel"":""Marketplace"",""updated_at"":""2026-02-19 23:59:00"",""source_batch"":2}",2026-08-18T08:47:26.799532+00:00
138,O000447,2,customer_not_found,"{""order_id"":""O000447"",""order_datetime"":""2026-02-16 15:50:00"",""customer_id"":""C9999"",""product_id"":""P001"",""quantity"":4,""unit_price"":29.67,""discount_pct"":5,""payment_method"":""PromptPay"",""sales_channel"":""Online"",""updated_at"":""2026-02-18 23:59:00"",""source_batch"":2}",2026-08-18T08:47:26.799532+00:00
139,O000623,2,invalid_quantity,"{""order_id"":""O000623"",""order_datetime"":""2026-02-16 02:04:00"",""customer_id"":""C0086"",""product_id"":""P041"",""quantity"":-2,""unit_price"":1291.92,""discount_pct"":15,""payment_method"":""Credit Card"",""sales_channel"":""Online"",""updated_at"":""2026-02-18 23:59:00"",""source_batch"":2}",2026-08-18T08:47:26.799532+00:00
140,O000678,2,invalid_quantity,"{""order_id"":""O000678"",""order_datetime"":""2026-02-16 02:58:00"",""customer_id"":""C0137"",""product_id"":""P046"",""quantity"":""three"",""unit_price"":187.09,""discount_pct"":0,""payment_method"":""PromptPay"",""sales_channel"":""Store"",""updated_at"":""2026-02-18 23:59:00"",""source_batch"":2}",2026-08-18T08:47:26.799532+00:00
141,O000712,2,invalid_quantity,"{""order_id"":""O000712"",""order_datetime"":""2026-02-15 22:17:00"",""customer_id"":""C0026"",""product_id"":""P040"",""quantity"":-2,""unit_price"":1472.44,""discount_pct"":10,""payment_method"":""Bank Transfer"",""sales_channel"":""Store"",""updated_at"":""2026-02-17 23:59:00"",""source_batch"":2}",2026-08-18T08:47:26.799532+00:00
142,O000428,2,superseded_duplicate,"{""order_id"":""O000428"",""order_datetime"":""2026-04-04 13:52:00"",""customer_id"":""C0150"",""product_id"":""P999"",""quantity"":4,""unit_price"":450.41,""discount_pct"":15,""payment_method"":""PromptPay"",""sales_channel"":""Marketplace"",""updated_at"":""2026-04-06 23:59:00"",""source_batch"":2}",2026-08-18T08:47:26.799532+00:00
143,O000445,2,superseded_duplicate,"{""order_id"":""O000445"",""order_datetime"":""2026-03-24 01:46:00"",""customer_id"":""C0015"",""product_id"":""P039"",""quantity"":-2,""unit_price"":688.83,""discount_pct"":0,""payment_method"":""PromptPay"",""sales_channel"":""Store"",""updated_at"":""2026-03-26 23:59:00"",""source_batch"":2}",2026-08-18T08:47:26.799532+00:00
144,O000480,2,superseded_duplicate,"{""order_id"":""O000480"",""order_datetime"":""2026-02-18 11:01:00"",""customer_id"":""C0050"",""product_id"":""P044"",""quantity"":2,""unit_price"":766,""discount_pct"":0,""payment_method"":""Credit Card"",""sales_channel"":""Marketplace"",""updated_at"":""2026-02-20 23:59:00"",""source_batch"":2}",2026-08-18T08:47:26.799532+00:00
145,O001157,3,invalid_quantity,"{""order_id"":""O001157"",""order_datetime"":""2026-06-17 10:55:00"",""customer_id"":""C0133"",""product_id"":""P041"",""quantity"":-2,""unit_price"":1291.92,""discount_pct"":5,""payment_method"":""Credit Card"",""sales_channel"":""Store"",""updated_at"":""2026-06-20 23:59:00"",""source_batch"":3}",2026-08-18T08:47:27.118509+00:00
146,O000970,3,invalid_order_datetime,"{""order_id"":""O000970"",""order_datetime"":""31\/02\/2026 10:00"",""customer_id"":""C0040"",""product_id"":""P040"",""quantity"":2,""unit_price"":1472.44,""discount_pct"":0,""payment_method"":""Cash"",""sales_channel"":""Online"",""updated_at"":""2026-06-20 23:59:00"",""source_batch"":3}",2026-08-18T08:47:27.118509+00:00
147,O001201,3,inactive_product,"{""order_id"":""O001201"",""order_datetime"":""2026-06-17 20:54:00"",""customer_id"":""C0103"",""product_id"":""P034"",""quantity"":3,""unit_price"":530.09,""discount_pct"":0,""payment_method"":""PromptPay"",""sales_channel"":""Store"",""updated_at"":""2026-06-20 23:59:00"",""source_batch"":3}",2026-08-18T08:47:27.118509+00:00
148,O000973,3,invalid_unit_price,"{""order_id"":""O000973"",""order_datetime"":""2026-06-16 00:22:00"",""customer_id"":""C0055"",""product_id"":""P043"",""quantity"":2,""unit_price"":null,""discount_pct"":10,""payment_method"":""Bank Transfer"",""sales_channel"":""Marketplace"",""updated_at"":""2026-06-19 23:59:00"",""source_batch"":3}",2026-08-18T08:47:27.118509+00:00
149,O000904,3,invalid_quantity,"{""order_id"":""O000904"",""order_datetime"":""2026-06-16 06:47:00"",""customer_id"":""C0152"",""product_id"":""P033"",""quantity"":""three"",""unit_price"":654.4,""discount_pct"":0,""payment_method"":""Bank Transfer"",""sales_channel"":""Marketplace"",""updated_at"":""2026-06-19 23:59:00"",""source_batch"":3}",2026-08-18T08:47:27.118509+00:00
150,O001048,3,invalid_order_datetime,"{""order_id"":""O001048"",""order_datetime"":""not-a-date"",""customer_id"":""C0023"",""product_id"":""P037"",""quantity"":2,""unit_price"":185.91,""discount_pct"":0,""payment_method"":""Cash"",""sales_channel"":""Store"",""updated_at"":""2026-06-18 23:59:00"",""source_batch"":3}",2026-08-18T08:47:27.118509+00:00
151,O001247,3,inactive_product,"{""order_id"":""O001247"",""order_datetime"":""2026-06-14 17:08:00"",""customer_id"":""C0061"",""product_id"":""P034"",""quantity"":4,""unit_price"":530.09,""discount_pct"":0,""payment_method"":""Credit Card"",""sales_channel"":""Store"",""updated_at"":""2026-06-17 23:59:00"",""source_batch"":3}",2026-08-18T08:47:27.118509+00:00
152,O001079,3,missing_customer_id,"{""order_id"":""O001079"",""order_datetime"":""2026-06-12 04:11:00"",""customer_id"":null,""product_id"":""P044"",""quantity"":2,""unit_price"":766,""discount_pct"":0,""payment_method"":""Bank Transfer"",""sales_channel"":""Marketplace"",""updated_at"":""2026-06-15 23:59:00"",""source_batch"":3}",2026-08-18T08:47:27.118509+00:00
153,O000909,3,invalid_discount_pct,"{""order_id"":""O000909"",""order_datetime"":""2026-06-10 21:37:00"",""customer_id"":""C0058"",""product_id"":""P009"",""quantity"":1,""unit_price"":192.56,""discount_pct"":120,""payment_method"":""PromptPay"",""sales_channel"":""Marketplace"",""updated_at"":""2026-06-13 23:59:00"",""source_batch"":3}",2026-08-18T08:47:27.118509+00:00
154,O001112,3,invalid_unit_price,"{""order_id"":""O001112"",""order_datetime"":""2026-06-10 12:16:00"",""customer_id"":""C0096"",""product_id"":""P030"",""quantity"":3,""unit_price"":null,""discount_pct"":0,""payment_method"":""Bank Transfer"",""sales_channel"":""Marketplace"",""updated_at"":""2026-06-13 23:59:00"",""source_batch"":3}",2026-08-18T08:47:27.118509+00:00
155,O001162,3,missing_customer_id,"{""order_id"":""O001162"",""order_datetime"":""2026-06-07 09:16:00"",""customer_id"":null,""product_id"":""P027"",""quantity"":6,""unit_price"":817.79,""discount_pct"":15,""payment_method"":""Cash"",""sales_channel"":""Store"",""updated_at"":""2026-06-10 23:59:00"",""source_batch"":3}",2026-08-18T08:47:27.118509+00:00
156,O000873,3,invalid_order_datetime,"{""order_id"":""O000873"",""order_datetime"":""31\/02\/2026 10:00"",""customer_id"":""C0109"",""product_id"":""P001"",""quantity"":6,""unit_price"":29.67,""discount_pct"":5,""payment_method"":""PromptPay"",""sales_channel"":""Marketplace"",""updated_at"":""2026-06-09 23:59:00"",""source_batch"":3}",2026-08-18T08:47:27.118509+00:00
157,O001016,3,inactive_product,"{""order_id"":""O001016"",""order_datetime"":""2026-06-05 03:57:00"",""customer_id"":""C0105"",""product_id"":""P017"",""quantity"":5,""unit_price"":""THB 1281.37"",""discount_pct"":10,""payment_method"":""Bank Transfer"",""sales_channel"":""Store"",""updated_at"":""2026-06-08 23:59:00"",""source_batch"":3}",2026-08-18T08:47:27.118509+00:00
158,O001052,3,inactive_product,"{""order_id"":""O001052"",""order_datetime"":""2026-06-05 13:08:00"",""customer_id"":""C0120"",""product_id"":""P017"",""quantity"":4,""unit_price"":1281.37,""discount_pct"":10,""payment_method"":""PromptPay"",""sales_channel"":""Store"",""updated_at"":""2026-06-08 23:59:00"",""source_batch"":3}",2026-08-18T08:47:27.118509+00:00
159,O000976,3,inactive_product,"{""order_id"":""O000976"",""order_datetime"":""2026-06-05 00:50:00"",""customer_id"":""C0036"",""product_id"":""P034"",""quantity"":4,""unit_price"":530.09,""discount_pct"":0,""payment_method"":""Credit Card"",""sales_channel"":""Marketplace"",""updated_at"":""2026-06-08 23:59:00"",""source_batch"":3}",2026-08-18T08:47:27.118509+00:00
160,O001017,3,invalid_quantity,"{""order_id"":""O001017"",""order_datetime"":""2026-05-31 23:42:00"",""customer_id"":""C0010"",""product_id"":""P009"",""quantity"":""three"",""unit_price"":192.56,""discount_pct"":0,""payment_method"":""Bank Transfer"",""sales_channel"":""Marketplace"",""updated_at"":""2026-06-03 23:59:00"",""source_batch"":3}",2026-08-18T08:47:27.118509+00:00
161,O001251,3,invalid_unit_price,"{""order_id"":""O001251"",""order_datetime"":""2026-05-28 02:21:00"",""customer_id"":""C0059"",""product_id"":""P025"",""quantity"":1,""unit_price"":null,""discount_pct"":0,""payment_method"":""Bank Transfer"",""sales_channel"":""Store"",""updated_at"":""2026-05-31 23:59:00"",""source_batch"":3}",2026-08-18T08:47:27.118509+00:00
162,O000890,3,invalid_quantity,"{""order_id"":""O000890"",""order_datetime"":""2026-05-28 01:59:00"",""customer_id"":""C0061"",""product_id"":""P015"",""quantity"":-2,""unit_price"":320.33,""discount_pct"":15,""payment_method"":""Bank Transfer"",""sales_channel"":""Store"",""updated_at"":""2026-05-31 23:59:00"",""source_batch"":3}",2026-08-18T08:47:27.118509+00:00
163,O000913,3,missing_customer_id,"{""order_id"":""O000913"",""order_datetime"":""2026-05-26 00:19:00"",""customer_id"":null,""product_id"":""P023"",""quantity"":5,""unit_price"":784.71,""discount_pct"":5,""payment_method"":""Bank Transfer"",""sales_channel"":""Marketplace"",""updated_at"":""2026-05-29 23:59:00"",""source_batch"":3}",2026-08-18T08:47:27.118509+00:00
164,O000844,3,inactive_product,"{""order_id"":""O000844"",""order_datetime"":""2026-05-22 02:07:00"",""customer_id"":""C0098"",""product_id"":""P034"",""quantity"":4,""unit_price"":530.09,""discount_pct"":0,""payment_method"":""Credit Card"",""sales_channel"":""Marketplace"",""updated_at"":""2026-05-25 23:59:00"",""source_batch"":3}",2026-08-18T08:47:27.118509+00:00
165,O001212,3,invalid_discount_pct,"{""order_id"":""O001212"",""order_datetime"":""2026-05-20 16:45:00"",""customer_id"":""C0154"",""product_id"":""P004"",""quantity"":5,""unit_price"":1451.77,""discount_pct"":120,""payment_method"":""Bank Transfer"",""sales_channel"":""Marketplace"",""updated_at"":""2026-05-23 23:59:00"",""source_batch"":3}",2026-08-18T08:47:27.118509+00:00
166,O000963,3,product_not_found,"{""order_id"":""O000963"",""order_datetime"":""2026-05-20 19:21:00"",""customer_id"":""C0069"",""product_id"":""P999"",""quantity"":1,""unit_price"":549.89,""discount_pct"":0,""payment_method"":""Cash"",""sales_channel"":""Online"",""updated_at"":""2026-05-23 23:59:00"",""source_batch"":3}",2026-08-18T08:47:27.118509+00:00
167,O000856,3,product_not_found,"{""order_id"":""O000856"",""order_datetime"":""2026-05-15 06:36:00"",""customer_id"":""C0089"",""product_id"":""P999"",""quantity"":6,""unit_price"":915.53,""discount_pct"":0,""payment_method"":""Bank Transfer"",""sales_channel"":""Marketplace"",""updated_at"":""2026-05-18 23:59:00"",""source_batch"":3}",2026-08-18T08:47:27.118509+00:00
168,O001070,3,product_not_found,"{""order_id"":""O001070"",""order_datetime"":""2026-05-13 06:50:00"",""customer_id"":""C0023"",""product_id"":""P999"",""quantity"":2,""unit_price"":840.27,""discount_pct"":15,""payment_method"":""Cash"",""sales_channel"":""Store"",""updated_at"":""2026-05-16 23:59:00"",""source_batch"":3}",2026-08-18T08:47:27.118509+00:00
169,O000855,3,inactive_product,"{""order_id"":""O000855"",""order_datetime"":""2026-05-11 15:48:00"",""customer_id"":""C0105"",""product_id"":""P017"",""quantity"":6,""unit_price"":1281.37,""discount_pct"":5,""payment_method"":""Bank Transfer"",""sales_channel"":""Online"",""updated_at"":""2026-05-14 23:59:00"",""source_batch"":3}",2026-08-18T08:47:27.118509+00:00
170,O000917,3,invalid_order_datetime,"{""order_id"":""O000917"",""order_datetime"":""not-a-date"",""customer_id"":""C0032"",""product_id"":""P022"",""quantity"":3,""unit_price"":840.27,""discount_pct"":0,""payment_method"":""Credit Card"",""sales_channel"":""Store"",""updated_at"":""2026-05-10 23:59:00"",""source_batch"":3}",2026-08-18T08:47:27.118509+00:00
171,O001246,3,invalid_quantity,"{""order_id"":""O001246"",""order_datetime"":""2026-05-07 12:27:00"",""customer_id"":""C0014"",""product_id"":""P024"",""quantity"":-2,""unit_price"":241.87,""discount_pct"":0,""payment_method"":""Bank Transfer"",""sales_channel"":""Store"",""updated_at"":""2026-05-10 23:59:00"",""source_batch"":3}",2026-08-18T08:47:27.118509+00:00
172,O001164,3,invalid_order_datetime,"{""order_id"":""O001164"",""order_datetime"":""31\/02\/2026 10:00"",""customer_id"":""C0107"",""product_id"":""P008"",""quantity"":4,""unit_price"":292.37,""discount_pct"":15,""payment_method"":""Bank Transfer"",""sales_channel"":""Store"",""updated_at"":""2026-05-09 23:59:00"",""source_batch"":3}",2026-08-18T08:47:27.118509+00:00
173,O000996,3,missing_customer_id,"{""order_id"":""O000996"",""order_datetime"":""2026-05-04 19:07:00"",""customer_id"":null,""product_id"":""P035"",""quantity"":4,""unit_price"":997.99,""discount_pct"":0,""payment_method"":""Cash"",""sales_channel"":""Online"",""updated_at"":""2026-05-07 23:59:00"",""source_batch"":3}",2026-08-18T08:47:27.118509+00:00
174,O001179,3,invalid_order_datetime,"{""order_id"":""O001179"",""order_datetime"":""not-a-date"",""customer_id"":""C0171"",""product_id"":""P031"",""quantity"":1,""unit_price"":599.9,""discount_pct"":15,""payment_method"":""Credit Card"",""sales_channel"":""Store"",""updated_at"":""2026-05-07 23:59:00"",""source_batch"":3}",2026-08-18T08:47:27.118509+00:00
175,O001192,3,customer_not_found,"{""order_id"":""O001192"",""order_datetime"":""2026-05-02 18:39:00"",""customer_id"":""C9999"",""product_id"":""P045"",""quantity"":2,""unit_price"":1459.08,""discount_pct"":10,""payment_method"":""PromptPay"",""sales_channel"":""Store"",""updated_at"":""2026-05-05 23:59:00"",""source_batch"":3}",2026-08-18T08:47:27.118509+00:00
176,O001234,3,inactive_product,"{""order_id"":""O001234"",""order_datetime"":""2026-05-02 13:34:00"",""customer_id"":""C0051"",""product_id"":""P034"",""quantity"":3,""unit_price"":530.09,""discount_pct"":0,""payment_method"":""Cash"",""sales_channel"":""Store"",""updated_at"":""2026-05-05 23:59:00"",""source_batch"":3}",2026-08-18T08:47:27.118509+00:00
177,O001130,3,invalid_quantity,"{""order_id"":""O001130"",""order_datetime"":""2026-05-02 06:41:00"",""customer_id"":""C0089"",""product_id"":""P001"",""quantity"":""three"",""unit_price"":29.67,""discount_pct"":0,""payment_method"":""Credit Card"",""sales_channel"":""Store"",""updated_at"":""2026-05-05 23:59:00"",""source_batch"":3}",2026-08-18T08:47:27.118509+00:00
178,O000894,3,customer_not_found,"{""order_id"":""O000894"",""order_datetime"":""2026-04-28 09:49:00"",""customer_id"":""C9999"",""product_id"":""P022"",""quantity"":5,""unit_price"":840.27,""discount_pct"":10,""payment_method"":""Bank Transfer"",""sales_channel"":""Online"",""updated_at"":""2026-05-01 23:59:00"",""source_batch"":3}",2026-08-18T08:47:27.118509+00:00
179,O001067,3,invalid_order_datetime,"{""order_id"":""O001067"",""order_datetime"":""31\/02\/2026 10:00"",""customer_id"":""C0080"",""product_id"":""P042"",""quantity"":6,""unit_price"":733.19,""discount_pct"":15,""payment_method"":""Credit Card"",""sales_channel"":""Marketplace"",""updated_at"":""2026-04-28 23:59:00"",""source_batch"":3}",2026-08-18T08:47:27.118509+00:00
180,O001184,3,inactive_product,"{""order_id"":""O001184"",""order_datetime"":""2026-04-24 17:45:00"",""customer_id"":""C0080"",""product_id"":""P017"",""quantity"":3,""unit_price"":1281.37,""discount_pct"":10,""payment_method"":""PromptPay"",""sales_channel"":""Marketplace"",""updated_at"":""2026-04-27 23:59:00"",""source_batch"":3}",2026-08-18T08:47:27.118509+00:00
181,O001167,3,inactive_product,"{""order_id"":""O001167"",""order_datetime"":""2026-04-22 02:27:00"",""customer_id"":""C0176"",""product_id"":""P034"",""quantity"":5,""unit_price"":530.09,""discount_pct"":15,""payment_method"":""Bank Transfer"",""sales_channel"":""Marketplace"",""updated_at"":""2026-04-25 23:59:00"",""source_batch"":3}",2026-08-18T08:47:27.118509+00:00
182,O001051,3,inactive_product,"{""order_id"":""O001051"",""order_datetime"":""2026-04-21 19:00:00"",""customer_id"":""C0097"",""product_id"":""P034"",""quantity"":4,""unit_price"":530.09,""discount_pct"":10,""payment_method"":""PromptPay"",""sales_channel"":""Store"",""updated_at"":""2026-04-24 23:59:00"",""source_batch"":3}",2026-08-18T08:47:27.118509+00:00
183,O001172,3,inactive_product,"{""order_id"":""O001172"",""order_datetime"":""2026-04-20 07:06:00"",""customer_id"":""C0157"",""product_id"":""P034"",""quantity"":5,""unit_price"":530.09,""discount_pct"":15,""payment_method"":""Bank Transfer"",""sales_channel"":""Marketplace"",""updated_at"":""2026-04-23 23:59:00"",""source_batch"":3}",2026-08-18T08:47:27.118509+00:00
184,O001068,3,invalid_quantity,"{""order_id"":""O001068"",""order_datetime"":""2026-04-20 01:42:00"",""customer_id"":""C0145"",""product_id"":""P042"",""quantity"":-2,""unit_price"":733.19,""discount_pct"":15,""payment_method"":""Bank Transfer"",""sales_channel"":""Online"",""updated_at"":""2026-04-23 23:59:00"",""source_batch"":3}",2026-08-18T08:47:27.118509+00:00
185,O001245,3,missing_customer_id,"{""order_id"":""O001245"",""order_datetime"":""2026-04-17 23:42:00"",""customer_id"":null,""product_id"":""P023"",""quantity"":3,""unit_price"":784.71,""discount_pct"":10,""payment_method"":""Bank Transfer"",""sales_channel"":""Online"",""updated_at"":""2026-04-20 23:59:00"",""source_batch"":3}",2026-08-18T08:47:27.118509+00:00
186,O001010,3,invalid_discount_pct,"{""order_id"":""O001010"",""order_datetime"":""2026-04-17 03:46:00"",""customer_id"":""C0102"",""product_id"":""P020"",""quantity"":2,""unit_price"":62.79,""discount_pct"":120,""payment_method"":""PromptPay"",""sales_channel"":""Marketplace"",""updated_at"":""2026-04-20 23:59:00"",""source_batch"":3}",2026-08-18T08:47:27.118509+00:00
187,O000979,3,invalid_quantity,"{""order_id"":""O000979"",""order_datetime"":""2026-04-16 01:32:00"",""customer_id"":""C0049"",""product_id"":""P047"",""quantity"":-2,""unit_price"":613.02,""discount_pct"":0,""payment_method"":""Cash"",""sales_channel"":""Store"",""updated_at"":""2026-04-19 23:59:00"",""source_batch"":3}",2026-08-18T08:47:27.118509+00:00
188,O001059,3,inactive_product,"{""order_id"":""O001059"",""order_datetime"":""2026-04-10 12:32:00"",""customer_id"":""C0028"",""product_id"":""P034"",""quantity"":1,""unit_price"":530.09,""discount_pct"":10,""payment_method"":""PromptPay"",""sales_channel"":""Online"",""updated_at"":""2026-04-13 23:59:00"",""source_batch"":3}",2026-08-18T08:47:27.118509+00:00
189,O001129,3,inactive_product,"{""order_id"":""O001129"",""order_datetime"":""2026-04-09 09:58:00"",""customer_id"":""C0141"",""product_id"":""P017"",""quantity"":1,""unit_price"":1281.37,""discount_pct"":5,""payment_method"":""Bank Transfer"",""sales_channel"":""Store"",""updated_at"":""2026-04-12 23:59:00"",""source_batch"":3}",2026-08-18T08:47:27.118509+00:00
190,O001111,3,invalid_discount_pct,"{""order_id"":""O001111"",""order_datetime"":""2026-04-08 03:19:00"",""customer_id"":""C0137"",""product_id"":""P040"",""quantity"":3,""unit_price"":1472.44,""discount_pct"":120,""payment_method"":""PromptPay"",""sales_channel"":""Online"",""updated_at"":""2026-04-11 23:59:00"",""source_batch"":3}",2026-08-18T08:47:27.118509+00:00
191,O001242,3,inactive_product,"{""order_id"":""O001242"",""order_datetime"":""2026-04-07 18:17:00"",""customer_id"":""C0020"",""product_id"":""P034"",""quantity"":1,""unit_price"":530.09,""discount_pct"":0,""payment_method"":""Bank Transfer"",""sales_channel"":""Marketplace"",""updated_at"":""2026-04-10 23:59:00"",""source_batch"":3}",2026-08-18T08:47:27.118509+00:00
192,O001043,3,customer_not_found,"{""order_id"":""O001043"",""order_datetime"":""2026-04-07 15:03:00"",""customer_id"":""C9999"",""product_id"":""P029"",""quantity"":5,""unit_price"":450.41,""discount_pct"":0,""payment_method"":""Bank Transfer"",""sales_channel"":""Store"",""updated_at"":""2026-04-10 23:59:00"",""source_batch"":3}",2026-08-18T08:47:27.118509+00:00
193,O001058,3,inactive_product,"{""order_id"":""O001058"",""order_datetime"":""2026-04-06 21:32:00"",""customer_id"":""C0151"",""product_id"":""P017"",""quantity"":4,""unit_price"":1281.37,""discount_pct"":0,""payment_method"":""Credit Card"",""sales_channel"":""Marketplace"",""updated_at"":""2026-04-09 23:59:00"",""source_batch"":3}",2026-08-18T08:47:27.118509+00:00
194,O001177,3,product_not_found,"{""order_id"":""O001177"",""order_datetime"":""2026-04-04 04:07:00"",""customer_id"":""C0129"",""product_id"":""P999"",""quantity"":1,""unit_price"":358.74,""discount_pct"":0,""payment_method"":""PromptPay"",""sales_channel"":""Marketplace"",""updated_at"":""2026-04-07 23:59:00"",""source_batch"":3}",2026-08-18T08:47:27.118509+00:00
195,O001243,3,invalid_quantity,"{""order_id"":""O001243"",""order_datetime"":""2026-04-02 11:45:00"",""customer_id"":""C0078"",""product_id"":""P015"",""quantity"":""three"",""unit_price"":320.33,""discount_pct"":0,""payment_method"":""Credit Card"",""sales_channel"":""Store"",""updated_at"":""2026-04-05 23:59:00"",""source_batch"":3}",2026-08-18T08:47:27.118509+00:00
196,O000955,3,inactive_product,"{""order_id"":""O000955"",""order_datetime"":""2026-04-02 10:37:00"",""customer_id"":""C0163"",""product_id"":""P017"",""quantity"":1,""unit_price"":1281.37,""discount_pct"":10,""payment_method"":""PromptPay"",""sales_channel"":""Marketplace"",""updated_at"":""2026-04-05 23:59:00"",""source_batch"":3}",2026-08-18T08:47:27.118509+00:00
197,O000900,3,superseded_duplicate,"{""order_id"":""O000900"",""order_datetime"":""2026-06-16 10:12:00"",""customer_id"":""C0059"",""product_id"":""P011"",""quantity"":5,""unit_price"":616.6,""discount_pct"":0,""payment_method"":""Cash"",""sales_channel"":""Marketplace"",""updated_at"":""2026-06-19 23:59:00"",""source_batch"":3}",2026-08-18T08:47:27.118509+00:00
198,O000865,3,superseded_duplicate,"{""order_id"":""O000865"",""order_datetime"":""2026-06-06 03:28:00"",""customer_id"":""C0159"",""product_id"":""P030"",""quantity"":4,""unit_price"":915.53,""discount_pct"":0,""payment_method"":""Cash"",""sales_channel"":""Marketplace"",""updated_at"":""2026-06-09 23:59:00"",""source_batch"":3}",2026-08-18T08:47:27.118509+00:00
199,O000848,3,superseded_duplicate,"{""order_id"":""O000848"",""order_datetime"":""2026-04-13 10:51:00"",""customer_id"":""C0030"",""product_id"":""P018"",""quantity"":4,""unit_price"":549.89,""discount_pct"":0,""payment_method"":""Cash"",""sales_channel"":""Marketplace"",""updated_at"":""2026-04-16 23:59:00"",""source_batch"":3}",2026-08-18T08:47:27.118509+00:00
